<?xml version="1.0" encoding="UTF-8"?>
<project-private xmlns="http://www.netbeans.org/ns/project-private/1">
    <editor-bookmarks xmlns="http://www.netbeans.org/ns/editor-bookmarks/2" lastBookmarkId="0"/>
    <open-files xmlns="http://www.netbeans.org/ns/projectui-open-files/2">
        <group>
            <file>file:/C:/Users/USUARIO/Documents/NetBeansProjects/TrabajoPalabras/src/JuegoPalabras/Mesa.java</file>
            <file>file:/C:/Users/USUARIO/Documents/NetBeansProjects/TrabajoPalabras/src/JuegoPalabras/Protocolo.java</file>
            <file>file:/C:/Users/USUARIO/Documents/NetBeansProjects/TrabajoPalabras/src/JuegoPalabras/PuntosMesaJugador.java</file>
            <file>file:/C:/Users/USUARIO/Documents/NetBeansProjects/TrabajoPalabras/src/JuegoPalabras/Servidor.java</file>
            <file>file:/C:/Users/USUARIO/Documents/NetBeansProjects/TrabajoPalabras/src/JuegoPalabras/Jugador.java</file>
            <file>file:/C:/Users/USUARIO/Documents/NetBeansProjects/TrabajoPalabras/src/JuegoPalabras/Tema.java</file>
            <file>file:/C:/Users/USUARIO/Documents/NetBeansProjects/TrabajoPalabras/src/JuegoPalabras/IUServidor.java</file>
            <file>file:/C:/Users/USUARIO/Documents/NetBeansProjects/TrabajoPalabras/src/JuegoPalabras/IUPrincipal.java</file>
        </group>
    </open-files>
</project-private>
